customer_tweet_id,customer_text,customer_author_id,tweet_id,author_id,inbound,created_at,brand_response_text,response_tweet_id,in_response_to_tweet_id,tweet_id_str,intent_label,action_label
2906753,really hate that autocorrect issue wit iphone @115858,804893,2906752,AppleSupport,False,Tue Nov 28 20:05:02 +0000 2017,@804893 We want to help. Would you show us the issue you're running into?,,2906753.0,2906752,,
481784,"Aye. High Sierra is shit. I'm sure most of us know that by now. My CPU has gone full bbq, fan wailing. The root bypass was sweet too. Wakey wakey @115858",229513,481783,AppleSupport,False,Fri Dec 01 14:03:33 +0000 2017,@229513 Hey there! We'd love the opportunity to assist you. We want to make sure your Mac is running as smoothly as possible on the new macOS High Sierra. Meet up with us in DM to get started. https://t.co/GDrqU22YpT,,481784.0,481783,,
2547146,The coolest two tweets I’ve ever had and it’s ruined by the stupid 👁 glitch. Fix your shit @115858.,723902,2547145,AppleSupport,False,Thu Nov 16 14:32:35 +0000 2017,@723902 Thanks for reaching out. We recently released iOS 11.1.1 which may resolve the issue. You’ll want to be sure to back up and update if you haven’t already. DM us if you’re still having issues. https://t.co/GDrqU22YpT,,2547146.0,2547145,,
1502986,dude what the hell,468837,1502985,AppleSupport,False,Fri Nov 03 15:51:34 +0000 2017,@468837 We'd be happy to help. DM us and we'll continue there. https://t.co/GDrqU22YpT,,1502986.0,1502985,,
1936783,my battery never lasts anymore and my phone dies at 12% literally fuck @115858 i ain’t got money to get a new iphone,576200,1936782,AppleSupport,False,Fri Oct 27 23:02:00 +0000 2017,@576200 We know how important reliable power is. Let us know in DM which iPhone you carry and which iOS you have installed. https://t.co/GDrqU22YpT,,1936783.0,1936782,,
1697331,"I see that once posted it no longer looks like an “I”, but does while typing using apple keyboard. First glitch?",514848,1697329,AppleSupport,False,Mon Nov 06 23:43:34 +0000 2017,@514848 Here’s what you can do to work around the issue until it’s fixed in a future software update: https://t.co/xXaXeeSRt9,1697330,1697331.0,1697329,,
2728252,Thanks. It's back now. Did try a force restart but no joy.,764990,2728254,AppleSupport,False,Mon Nov 20 18:15:36 +0000 2017,@764990 Just to clarify.  Is your iPad working as expected now?,2728255,2728252.0,2728254,,
1275140,.what is the best way to clean the inside of the iphone smart battery case?,418490,1275138,AppleSupport,False,Thu Oct 26 15:34:33 +0000 2017,@418490 Check out this link for the best info on cleaning your Smart Battery Case: https://t.co/kCFuW6TrHc,1275139,1275140.0,1275138,,
2015383,@115858 fix the problem I️ I️t,595953,2015381,AppleSupport,False,Sun Nov 05 19:20:00 +0000 2017,@595953 Thanks for reaching out. We have a workaround for this here: https://t.co/xXaXeeSRt9 DM us if you still need help. https://t.co/GDrqU22YpT,2015382,2015383.0,2015381,,
787431,"It’s the 7 model. Sometimes my phone will freeze completely for a minute or two. My speaker won’t work on calls, I can never change my music from the lock screen or control center.",307831,787433,AppleSupport,False,Thu Oct 12 19:41:30 +0000 2017,@307831 We'd like to look into this further with you. Could you Direct Message us and let us know what country you're located in? https://t.co/GDrqU22YpT,,787431.0,787433,,
2296142,@115858 is this how eye am suppose to talk now!?!?! So annoying! #a? #a?phone,645876,2296141,AppleSupport,False,Sun Nov 12 21:28:00 +0000 2017,"@645876 Thanks for reaching out about this. Let's work on it together. Go ahead and start with making sure that iOS is up to date on your iPhone, here's how: https://t.co/oKZOdSPLR1 Then DM us if the issue persists. https://t.co/GDrqU22YpT",,2296142.0,2296141,,
1966686,"@116333 I used to charge my phone once every 2 days, now with your update,  I have to charge it every day, if not twice a day! #sadness",582832,1966685,AppleSupport,False,Tue Oct 31 12:25:39 +0000 2017,"@582832 Not to worry, Michelle! Send us a DM, and let us know which phone you have. We'd love to help improve that battery run time! https://t.co/GDrqU22YpT",,1966686.0,1966685,,
2016015,@115858 How bout a suggestion on how to fix this “I” glitch???,596165,2016014,AppleSupport,False,Sun Nov 05 20:05:28 +0000 2017,@596165 Thanks for reaching out. We have a workaround for this here: https://t.co/xXaXeeSRt9 DM us if you still need help. https://t.co/GDrqU22YpT,,2016015.0,2016014,,
410102,"Yes. My phone restarted around 9-10 times today while listening to music, using twitter, watching on Crunchyroll.",212820,410104,AppleSupport,False,Mon Oct 09 23:58:30 +0000 2017,"@212820 Thanks for that information. Have you tried any troubleshooting steps on your own? Let us know in DM, and we’ll keep working there. https://t.co/GDrqU22YpT",,410102.0,410104,,
2279966,are u guys gonna fix this iPhone X issue where the display not responding in cold temps? It's 37 degrees in nyc and I can't type on my phone wtf?,662829,2279964,AppleSupport,False,Fri Nov 10 22:31:27 +0000 2017,@662829 Can you join us in DM? We'd like to help out. https://t.co/GDrqU22YpT,2279965,2279966.0,2279964,,
1468423,I chatted with a support person today! Thanks for reaching out,460840,1468422,AppleSupport,False,Fri Nov 03 00:13:29 +0000 2017,"@460840 Excellent! Thanks for letting us know. Please let us know if you need more help, and we'll be here for you.",,1468423.0,1468422,,
2002904,"what is going on with the keyboard! Every time I️ type i, I️t changes to an A and question mark in a box. Happening to friends",592255,2002903,AppleSupport,False,Fri Nov 03 23:08:27 +0000 2017,"@592255 Thanks for reaching out. DM us which device and software version you're seeing this issue on, and we'll start there. https://t.co/GDrqU22YpT",,2002904.0,2002903,,
2169769,Stupid @115858 my text message app won’t open!,636498,2169768,AppleSupport,False,Thu Nov 09 04:12:28 +0000 2017,@636498 We can help! Send us a DM with your iPhone model and iOS version from Settings &gt; General &gt; About &gt; Version to begin. https://t.co/GDrqU22YpT,,2169769.0,2169768,,
1399387,Thank you @115858 update. can you next update come soon so my phone isn’t jacked up. https://t.co/Wl8KaK9VuW,445395,1399386,AppleSupport,False,Sat Oct 28 16:38:00 +0000 2017,@445395 Please check out https://t.co/UTP2qBi1Is for tips. Still having an issue? Let us know. We're happy to help.,,1399387.0,1399386,,
1227219,my replacement IPhone 7plus has randomly started Bleeping like a smoke alarm what kinda fresh hell is this,407890,1227217,AppleSupport,False,Mon Oct 16 00:56:28 +0000 2017,@407890 Let's take a look together. Which exact iOS version is currently installed? Any steps tried since this started?,1227218,1227219.0,1227217,,
2138205,Is @115858 going to fix this bug bc it’s annoying as fuck,569726,2138204,AppleSupport,False,Wed Nov 08 21:58:00 +0000 2017,@569726 We'd like to help. DM us and we'll get started. https://t.co/GDrqU22YpT,,2138205.0,2138204,,
112820,"Dear @AppleSupport,

I just killed myself at the gym today because I wanted the turkey award...and for some reason I’m not getting credit for my run. #confused 

Thoughts?

Signed,
Thirsty for the recognition",141076,112819,AppleSupport,False,Thu Nov 23 20:51:52 +0000 2017,@141076 Here's a guide to help you make sure you get achievements: https://t.co/xwf6lrIgzJ,,112820.0,112819,,
2279593,Wow I am actually impressed you replied. Thanks and I will read the article first.,288361,2279592,AppleSupport,False,Sat Nov 11 19:29:00 +0000 2017,"@288361 Sounds good. We just want to do what we can to help, so keep us in the loop.",,2279593.0,2279592,,
2751481,AND my battery dies so fast.,485026,2751485,AppleSupport,False,Mon Nov 27 00:15:00 +0000 2017,@485026 Thanks for the info! Send us a DM and we'll work with you from there. https://t.co/GDrqU22YpT,,2751481.0,2751485,,
1615974,Not getting mail instantly even tho I have all settings correct. Even called support.. annoying when waiting for impt emails!,192505,1615973,AppleSupport,False,Sun Nov 05 13:52:00 +0000 2017,@192505 Let's see what's going on. Which device is this happening on? Reply in DM to get started. https://t.co/GDrqU22YpT,,1615974.0,1615973,,
2584358,"@115858 See, it did it again!",732345,2584356,AppleSupport,False,Thu Nov 16 23:53:34 +0000 2017,@732345 We have some great news. We've recently released an update which should address the autocorrect issue. You can read more here: https://t.co/xXaXefaskH,2584357,2584358.0,2584356,,
818586,hey can you help me? my phone crashed and now it won't let me use iMessage https://t.co/pXh6tPQY2w,314984,818585,AppleSupport,False,Sun Oct 08 18:57:33 +0000 2017,"@314984 We'd be happy to look into this with you. Send us a DM, and we'll continue from there. https://t.co/GDrqU22YpT",,818586.0,818585,,
2288032,Yo why do we have to keep seeing this - I️,664745,2288030,AppleSupport,False,Sun Nov 12 03:22:29 +0000 2017,"@664745 We recently released an iOS update, 11.1.1, that contains a fix for autocorrect issues. Let’s be sure to back up your device prior to updating. How to back up: https://t.co/4f8hwT5to6",2288031,2288032.0,2288030,,
2018761,@115858 fix this dumb ass glitch y’all got I’m tired of seeing these damn question marks ‼️,597015,2018760,AppleSupport,False,Sat Nov 04 22:22:23 +0000 2017,"@597015 Let's work together to move forward. Check out this article: https://t.co/xXaXeeSRt9

Send us a DM if you need more help. https://t.co/GDrqU22YpT",,2018761.0,2018760,,
2812575,"Yup, several times. The phone seems to be turning on and off, it's the screen that's stuck - it will turn dark blue but then not go to the apple logo screen.",784251,2812577,AppleSupport,False,Mon Nov 27 02:08:30 +0000 2017,@784251 Have you had the chance to try the steps outlined here: https://t.co/o7nB3pXfMv,2812578,2812575.0,2812577,,
1147918,How can I make the keyboard fill the screen in landscape mode for iOS 11? https://t.co/sKOWj7fXvN,390152,1147916,AppleSupport,False,Tue Oct 24 14:27:00 +0000 2017,@390152 Thanks for reaching out. This article explains more about your keyboard: https://t.co/tWyRHFS2AX,1147917,1147918.0,1147916,,
1447232,Hey why does my iPhone keep changing I️ to I️? https://t.co/gxr7H8RVdh,455820,1447230,AppleSupport,False,Thu Nov 02 16:29:25 +0000 2017,@455820 We want to help. DM us and we'll continue there. https://t.co/GDrqU22YpT,1447231,1447232.0,1447230,,
1662248,"I hate #ios11. It has never been #slower @115858. Yeah, it’s always the easier way to make me buy literally the same phone, just 3y younger.",506910,1662247,AppleSupport,False,Tue Oct 17 15:03:02 +0000 2017,"@506910 If you are having specific issues with your iPhone, we'd love to help. Could you tell us a bit about what is going on?",,1662248.0,1662247,,
704470,"I have an iPhone for work that was brand new, sealed in the box with the plastic when I received it. It's now saying someone used find my iPhone and it wants a password to use it? Lots of Import work information I can't access now. #Help ?",288340,704468,AppleSupport,False,Thu Nov 23 19:09:31 +0000 2017,@288340 We want to help. Let's continue in DM. https://t.co/GDrqU22YpT,704469,704470.0,704468,,
2945793,Super disappointed how I backed up my phone and photos on iCloud and somehow didn’t get my photos on my new replacement @115858 @AppleSupport,813692,2945792,AppleSupport,False,Wed Nov 29 15:19:31 +0000 2017,"@813692 We know how priceless photos are, and want to help in any way we can. Are you connected to Wi-Fi, and a charger? Is iCloud Photo Library turned on in Settings &gt; Photos?",,2945793.0,2945792,,
2113943,"Hey 
At least once a day, an image or pdf that I remove from my desktop and put in the trash, stays on the screen no matter what application I'm in. I have to restart to get it to go away.  Any suggestions on that?",450705,2113941,AppleSupport,False,Wed Nov 08 16:51:01 +0000 2017,@450705 We’d like to help with this. Can you start by confirming what Mac you have as well as the macOS version?,2113942,2113943.0,2113941,,
2573933,"So I reset my phone twice and my video function works now lol I still have a great amount of space over 100GB the freezing is honestly random but it just started recently, I have a 7 plus.",729920,2573934,AppleSupport,False,Thu Nov 16 23:59:01 +0000 2017,"@729920 OK we're glad to hear the camera app is working right again. For the freezing, did you notice this issue started after making some sort of setting change on the device or installing anything on it?",2573935,2573933.0,2573934,,
2015368,can you fix the “I” problem everyone is having? PLEASE,595948,2015367,AppleSupport,False,Sun Nov 05 19:26:16 +0000 2017,@595948 Thanks for reaching out. We have a workaround for this here: https://t.co/xXaXeeSRt9 DM us if you still need help. https://t.co/GDrqU22YpT,,2015368.0,2015367,,
626575,"@115858 
Since the time I have updated 11.x, it has screwed my iPhone 6S like anything, battery is getting discharged in 2 hrs",268369,626573,AppleSupport,False,Mon Oct 23 14:14:01 +0000 2017,"@268369 We're here for you. Send us a DM, and we'll take a closer look at the issue there. https://t.co/GDrqU22YpT",626574,626575.0,626573,,
2137284,Trying to get @85148 new Ep but the iTunes card isn’t working 😭💔@118721 https://t.co/3h1iv8WSYK,628694,2137282,AppleSupport,False,Wed Nov 08 21:37:00 +0000 2017,@628694 Our iTunes support team will be glad to partner with you on this. They can be reached here: https://t.co/SDIe7UiyJN,2137283,2137284.0,2137282,,
1986574,Am seeing both -104 and -128.,588051,1986577,AppleSupport,False,Wed Oct 18 20:50:57 +0000 2017,@588051 Thank you for those details. Please DM us via the following link and we'll help you further from there. https://t.co/GDrqU22YpT,,1986574.0,1986577,,
1582157,"Hey @115858, why the hell does the letter “I️” look like this?!?!  #AppleProblems #FixThis",487007,1582156,AppleSupport,False,Sat Nov 04 20:03:00 +0000 2017,@487007 We want to help get your device working as it should. Take a look at this article: https://t.co/xU1AGHStV6,,1582157.0,1582156,,
1690725,@115858 fix this “i” issue,513291,1690724,AppleSupport,False,Mon Nov 06 20:31:16 +0000 2017,@513291 Here’s what you can do to work around the issue until it’s fixed in a future software update: https://t.co/xXaXeeSRt9,,1690725.0,1690724,,
2322549,"Is anyone else having to constantly rescan their fingerprint everyday, since the latest iOS 11.1.1 update. #iOS11 #iPhone8 @AppleSupport",299830,2322547,AppleSupport,False,Mon Nov 13 14:30:00 +0000 2017,"@299830 We can help find out why you’re having to do that. To start, have you tried restarting the iPhone since this started happening? If not, let’s try that now please.

Also, has there been any accidental or liquid damage to the iPhone?",2322548,2322549.0,2322547,,
2544484,why everytime I type “is” does my phone autocorrect to “I.S.I.S” automatically? I’ve literally never typed isis before,723292,2544482,AppleSupport,False,Mon Oct 30 13:27:29 +0000 2017,@723292 Send us a DM and let us know what version of iOS you're running. We'll go from there. https://t.co/GDrqU22YpT,2544483,2544484.0,2544482,,
1699827,So  when are y’all going to fix this“I️ “? 🤔,515482,1699826,AppleSupport,False,Mon Nov 06 21:10:29 +0000 2017,@515482 Here’s what you can do to work around the issue until it’s fixed in a future software update: https://t.co/xXaXeeSRt9,,1699827.0,1699826,,
1111376,"iPhone Jet Black está descascando e com muitas manchas, deveria pensar numa forma de deixar seus clientes satisfeitos. Ñcompre",382313,1111375,AppleSupport,False,Tue Oct 24 02:13:27 +0000 2017,"@382313 Since our Twitter support is available in English, get help at https://t.co/IBIY3vMgPj or join https://t.co/pvaOFfPbjt",,1111376.0,1111375,,
974441,"Any idea why forwarded notifications from my phone (fb, Snapchat, Twitter, etc) show up with a default/grey icon?",559624,1874577,AppleSupport,False,Sat Oct 21 22:26:01 +0000 2017,"@559624 We want your notifications working for you; we'll do all we can to help. To start, connect with us in DM: https://t.co/GDrqU22YpT",,974441.0,1874577,,
2054774,Dear @115858 . Thanks for the update. Any chance you can get the weather up sorted? #soaked,607704,2054773,AppleSupport,False,Thu Oct 05 13:53:26 +0000 2017,"@607704 Getting accurate weather information is important.  Please send us a DM, so we can look into this with you. https://t.co/GDrqU22YpT",,2054774.0,2054773,,
1358128,That’s great. Except I can’t get anyone on the phone. No retail stores are taking calls and the online chat isn’t taking new chats.,436641,1358130,AppleSupport,False,Fri Oct 27 21:40:32 +0000 2017,@436641 We understand your position. Let's continue this discussion in DM. https://t.co/GDrqU22YpT,,1358128.0,1358130,,
286382,"Don’t know what have done to my iPhone but I’ve lost 30% battery in just over 1 hour, not used it any more than normal 🙄",184226,286379,AppleSupport,False,Fri Oct 06 14:36:31 +0000 2017,@184226 Have you had a chance yet to update to iOS 11.0.2? This will help you back up and update if not: https://t.co/80YRnjDFDk,"286380,286381",286382.0,286379,,
1544956,So is @115858 goin to fix these keyboard issues with the ‘I’ or we just going to keep acting like it’s ok?! I️ know I’m not the only one,478514,1544954,AppleSupport,False,Sat Nov 04 05:35:55 +0000 2017,@478514 Hey! This should help you out: https://t.co/xU1AGHStV6 Still need help? Send us a DM. https://t.co/GDrqU22YpT,1544955,1544956.0,1544954,,
1053643,I’m actually using the 11.0.3 in a iPhone SE,368957,1053641,AppleSupport,False,Mon Oct 23 14:56:41 +0000 2017,"@368957 Would you mind joining us in DM, please? We'd like to continue our conversation there. https://t.co/GDrqU22YpT",1053642,1053643.0,1053641,,
2734129,"Tras un fin de semana fuera de casa, solo en movilidad con iOS, no he parado de tener continuos reinicios de Apps, bug y sobre todo fallos con la app cámara. Que pasa con iOS 11 @115858???",766320,2734128,AppleSupport,False,Mon Nov 20 16:34:31 +0000 2017,@766320 We offer support via Twitter in English. Get help in Spanish here: https://t.co/IBIY3vMgPj or join https://t.co/OczyRx7IOs,,2734129.0,2734128,,
1599208,I️ don’t think it worked..,217500,1599210,AppleSupport,False,Sun Nov 05 16:12:00 +0000 2017,@217500 That's not what we like to see. Please send us a DM so we may look to further assist. https://t.co/GDrqU22YpT,,1599208.0,1599210,,
2493849,I did the new update and I’m still seeing boxes with question marks. 😤  is anyone else or just me 😫 @115858 @AppleSupport,711883,2493847,AppleSupport,False,Wed Nov 15 18:35:00 +0000 2017,"@711883 We'd love to help! Are you seeing this when you type, or when you read what others type?",2493848,2493849.0,2493847,,
2296240,"It’s crazy after so many point releases iOS 11 is still so damn buggy. Seriously, this has happened way too many times with the dock and I always have to do a full restart to fix it. Come on @115858 https://t.co/PlHkTVi0Tq",666688,2296238,AppleSupport,False,Sun Nov 12 21:20:47 +0000 2017,@666688 We're here for you. Send us a DM with your current iOS version and we'll take a closer look at the issue there. https://t.co/GDrqU22YpT,2296239,2296240.0,2296238,,
1261265,for it to be renewed on november 11th?,415467,1261264,AppleSupport,False,Thu Oct 26 15:27:00 +0000 2017,@415467 Hi. We’re investigating and will update our System Status page as more info becomes available: https://t.co/Fcu0biZf0L,,1261265.0,1261264,,
2853889,After taking an appointment in apple store in UAE (mall of Emirates Branch) the technical Support said she is not convinced with the defect in the vibration and she can do nth and will not swap the phone  after waiting 3 hrs in the store(2/3)@AppleSupport,793356,2853888,AppleSupport,False,Mon Nov 27 20:14:00 +0000 2017,@793356 Thanks for reaching out. Let's take a look at this together in DM. https://t.co/GDrqU22YpT,,2853889.0,2853888,,
2237221,I used to be able to tell Siri to set a reminder when I get home the. She would ask me “what do you want to be reminded about?” Now she is asking for a time. Idk what time. Just when I get home. What gives @115858 #siriproblems,652385,2237220,AppleSupport,False,Fri Nov 10 18:46:30 +0000 2017,@652385 We’d love to help. Check out our guide for using Siri to set reminders here: https://t.co/xhjN1UbDF0 Send us a DM confirming which device and software version you’re using if we can help further. https://t.co/GDrqU22YpT,,2237221.0,2237220,,
2673942, YOU ARE RUINING MY LIFE my mac is on black screen and won't change AND I GOT COLLEGE APPLICATIONS DUE ON THE FIRST!! 💀😭😭😭,752770,2673941,AppleSupport,False,Tue Oct 31 12:20:00 +0000 2017,@752770 Let's get to the bottom of this together and you back up and running. DM us and we'll get started. https://t.co/GDrqU22YpT,,2673942.0,2673941,,
588109,Updated my iPhone 6 to IOS11.2 and now iTunes/music keep crashing and restarting.  Something is buggy with IOS 11.2,258979,588107,AppleSupport,False,Sun Dec 03 15:51:53 +0000 2017,"@258979 We want to help, as that's not the experience we want for you. Since this behavior occurred, have you tried restarting your device? To your knowledge, are any other apps having issues?",588108,588109.0,588107,,
1637821,y’all better fix this!! Can’t even type I️ in a sentence without looking dumb https://t.co/aBk3WQ6eTT,249389,1637820,AppleSupport,False,Sun Nov 05 22:06:27 +0000 2017,@249389 Here’s what you can do to work around the issue until it’s fixed in a future software update: https://t.co/xXaXeeSRt9,,1637821.0,1637820,,
2756130,"No I'm not. All my music on the iPhone is still there, but my playlists are gone.",771392,2756132,AppleSupport,False,Wed Nov 22 01:55:00 +0000 2017,@771392 Are these songs all purchased from the iTunes Store?,"2756133,2756134",2756130.0,2756132,,
339171,"Why can’t I pull up the control panel, tap the music, and the app open? Why y’all change it? @AppleSupport",196981,339170,AppleSupport,False,Sat Oct 07 23:21:26 +0000 2017,@196981 Thanks for reaching out to us! You can message us with feedback here: https://t.co/J46COPJzUo,,339171.0,339170,,
2284094, https://t.co/wMtyD6llxv,663769,2284096,AppleSupport,False,Sun Nov 12 04:22:26 +0000 2017,"@663769 It's our pleasure. If there's anything you need in the future, reach out to us in DM. We'll be happy to help. https://t.co/GDrqU22YpT",,2284094.0,2284096,,
939155,iMessage not sending pics - any ideas why?,342628,939154,AppleSupport,False,Sat Nov 25 16:32:29 +0000 2017,@342628 We'd like to look into this with you. Can you tell us what happens when you try to send pictures? Does this only happen with specific contacts?,939153,939155.0,939154,,
1958499,@581041 Screwed my phone for good measure,581190,1959123,AppleSupport,False,Mon Oct 30 20:58:01 +0000 2017,@581190 We want to help. Please DM us details of the issues you're having with your iPhone and we'll work together there. https://t.co/GDrqU22YpT,,1958499.0,1959123,,
2170675,@516759 Those god dam explanation points and boxed question marks !!!!!! @115858 FIX IT !,636757,2170674,AppleSupport,False,Wed Nov 08 15:32:33 +0000 2017,@636757 Here’s what you can do to work around the issue until it’s fixed in a future software update: https://t.co/xXaXeeSRt9,,2170675.0,2170674,,
2455295,Looks like @115858’s newest iOS update still hasn’t fixed that “I” bug because it’s still all over my phone.,703353,2455294,AppleSupport,False,Wed Nov 15 04:12:26 +0000 2017,"@703353 We can help. DM us, and let us know if you're seeing this in messages you're sending, or if its appearing in content or messages posted by others. We'll look into this. https://t.co/GDrqU22YpT",,2455295.0,2455294,,
2093781,This exclamation mark and question mark box is really starting to piss me off wtf is up!?!!?!!?,618653,2093780,AppleSupport,False,Wed Nov 08 05:16:28 +0000 2017,@618653 Here’s what you can do to work around the issue until it’s fixed in a future software update: https://t.co/xXaXeeSRt9,,2093781.0,2093780,,
2028500,FIX THIS DAMN GLITCH @115858. RANDOMLY CLOSING MY MSG APP IS DRIVING ME INSANE.,599869,2028499,AppleSupport,False,Mon Nov 06 21:37:00 +0000 2017,@599869 We'd be happy to take a look and see what's going on. DM us the device this is happening on and the OS version it is running. https://t.co/GDrqU22YpT,,2028500.0,2028499,,
991768,Saying that my old number is the one that has my FaceTime and iMessage,354924,991771,AppleSupport,False,Sun Oct 22 18:14:35 +0000 2017,@354924 Let's follow the steps in the 'Remove your phone number' section here: https://t.co/R5zxAawOzV Let us know if this helps.,,991768.0,991771,,
2199227,In the span of 45 seconds; I went from 27 to 18% battery life (in Low Power Mode) on the 2nd day since I left iOS 10.3.3 @AppleSupport,553854,2199226,AppleSupport,False,Thu Oct 19 14:09:30 +0000 2017,@553854 Let's move over to a DM and discuss the battery issues further. We understand how vital the battery is. https://t.co/GDrqU22YpT,,2199227.0,2199226,,
2454575,@116333 me using iphone7plus so last 3days so my iPhone battery die last night my iPhone battery 38% morning pick my phone battery only 10% so pls@problem resolved,703145,2454574,AppleSupport,False,Wed Nov 15 03:23:00 +0000 2017,"@703145 Definitely sounds like something is going on if it's only lasting that long, so we go you. DM us and include which iOS version you're using. That way we can get to the bottom of this together. https://t.co/GDrqU22YpT",,2454575.0,2454574,,
416425,@115858 why does my touchscreen stop working everytime I use Apple Pay since upgrading to #iOS11. Works perfectly every other time,214328,416424,AppleSupport,False,Tue Oct 10 02:56:00 +0000 2017,@214328 We're here to help. Please meet us in DM and we'll take a look at this together. https://t.co/GDrqU22YpT,,416425.0,416424,,
2060070,@118936 @116333 app store crashes when open purchased tab in ios 11.0.2 with iPhone 8 Plus,609293,2060069,AppleSupport,False,Sat Oct 07 15:08:52 +0000 2017,@609293 Let's get the App Store back up and running. Have you tried forcing the app to close and restarting? DM us with the answer. https://t.co/GDrqU22YpT,,2060070.0,2060069,,
2299384,when tf are y’all gonna fix that issue with the letter “I️” because I’m tired of looking stupid when I️ post 😭😠,667410,2299382,AppleSupport,False,Sun Nov 12 15:48:28 +0000 2017,@667410 Thank you for reaching out to us. We'd like to gather more information from you. Can you provide us with the iOS version your device is running on? https://t.co/GDrqU22YpT,2299383,2299384.0,2299382,,
1544102,@478314 @478316 Help us out apple!,478315,2005420,AppleSupport,False,Sat Nov 04 05:11:56 +0000 2017,@478315 We're here to do just that. Have you tried the steps here? https://t.co/xU1AGHStV6 Let us know if you still need us in DM. https://t.co/GDrqU22YpT,,1544102.0,2005420,,
1338027,I didn’t know it wasn’t really disabled until searching 4 why it seemed to auto enable every morning after I turned it off the previous day,432091,1338025,AppleSupport,False,Fri Oct 27 15:00:21 +0000 2017,@432091 We don't have info on upcoming updates but suggest you leave your thoughts on this at our feedback site: https://t.co/J46COPJzUo,1338026,1338027.0,1338025,,
2284297,"@115858 Why does every fucking app restart even if you leave it running in the background? I got the new 8 a few weeks back and it's like multitasking has been erased. I leave an app to open another and when. I go back, it totally refreshes. Anything I was doing is list! 🖕🏻🖕🏻",304543,2284296,AppleSupport,False,Sat Nov 11 14:51:00 +0000 2017,@304543 We'd love to look into this with you. Which apps are they? Do you have Background App Refresh turned on for them? Let us know in DM and we'll get started. https://t.co/GDrqU22YpT,,2284297.0,2284296,,
2627760,"Hi, Currently I have iOS 11.2 beta 3. It’s showing blue screen when I call through WhatsApp. Previous version it doesn’t show.",712728,2627759,AppleSupport,False,Fri Nov 17 16:59:33 +0000 2017,@712728 We'd love to work with you. Let's meet up in DM and discuss it. https://t.co/GDrqU22YpT,,2627760.0,2627759,,
865608,"they kept my phone for about 8 days and when they returned it back,the body was damaged and even sound of some screw was comin",325562,865607,AppleSupport,False,Mon Oct 09 18:40:00 +0000 2017,@325562 We'd like to look into this with you. Please DM us more about what's happened. https://t.co/GDrqU22YpT,,865608.0,865607,,
2710525,I need a new phone ASAP! @115858 y’all real childish for messing everybody phone up once y’all drop some new shit!,171787,2710524,AppleSupport,False,Sun Nov 26 22:44:25 +0000 2017,@171787 We want to help you with any issues you’re experiencing. Can you provide us some more details about what’s going on? Which iPhone are you using? https://t.co/GDrqU22YpT,,2710525.0,2710524,,
1897477, has to be one of the worst services I've ever used !?!? Don't put me on hold saying you'll be 2 minutes and hang up after 5 😡,565524,1897476,AppleSupport,False,Tue Oct 24 17:21:00 +0000 2017,@565524 We'd like to see if we can help you out here via Twitter. Would you please join us in DM and let us know what's going on? https://t.co/GDrqU22YpT,,1897477.0,1897476,,
2562363,@115858 when are you going to fix this bug because am getting really annoyed. About to leave apple and return to droid.,727171,2562361,AppleSupport,False,Thu Nov 16 17:50:43 +0000 2017,@727171 We're happy to help with any issues you're experiencing. Please let us know a bit more about what's going on and we'll get started.,2562362,2562363.0,2562361,,
360272,how do I transfer a bunch of powerpoints and microsoft words from a lenovo android tablet to my ipad mini2?,201323,360270,AppleSupport,False,Sun Oct 08 16:57:00 +0000 2017,@201323 Help is here! Check out this article regarding moving from Android to iOS: https://t.co/5sQIZXtFhM,360271,360272.0,360270,,
184391,So @115858 has fixed that text bug with iOS 11.1.1. How about fixing the no sound bug when we screen recorded.,159397,184390,AppleSupport,False,Fri Nov 10 18:33:26 +0000 2017,"@159397 Let's take a look at this together. When you long press on the record button in the Control Panel, the option for Microphone Audio should appear. When you toggle it, does anything happen in the recording?",184389,184391.0,184390,,
1993613,@115858 why is the texting letter not working properly? Everytime I️ enter the letter....I️... it keep giving me this -&gt; I️,590004,1993612,AppleSupport,False,Fri Nov 03 13:50:31 +0000 2017,@590004 Thank you for reaching out to us about not being able to type the letter I. Which iOS version do you have? Please DM us. https://t.co/GDrqU22YpT,,1993613.0,1993612,,
2947140,Anyone know why the “Open” button background is spinning? #ios #bug #iphonex #appstore #apple #ios11 #BugBounty https://t.co/WeObFOkSIH,813996,2947139,AppleSupport,False,Wed Nov 29 15:47:29 +0000 2017,"@813996 Let's get this figured out together. Are you only seeing this with the apps shown in your recording? Also, have you tried closing the App Store app, then restarting your iPhone? If not, let's give that a try first.",,2947140.0,2947139,,
1774679,On top of that my daughter’s brand new 8 plus - bought two days ago - crashed and won’t even turn on. What is happening with your brand?,533325,1774678,AppleSupport,False,Wed Nov 08 04:41:51 +0000 2017,@533325 We're here to help get this sorted out for you. DM us and we'll see what we can do to assist. https://t.co/GDrqU22YpT,,1774679.0,1774678,,
2049899,"querida @115858 vc pode resolver esses bugs do ios 11 por favor, agradeço desde já",606188,2049897,AppleSupport,False,Wed Oct 18 23:31:52 +0000 2017,@606188 We offer support via Twitter in English. Contact us for help in your preferred language here: https://t.co/IBIY3w3RGR,2049898,2049899.0,2049897,,
1062375, if i purchase a 2nd hand ipod classic 6 gen will it sync with the latest version of itunes?,370845,1062374,AppleSupport,False,Sat Oct 14 22:03:55 +0000 2017,@370845 We'd like to help. Everything with syncing should work as expected.,,1062375.0,1062374,,
1202871,@115858 The worst thing that would ever happen to an iPhone 7 is the iOS 11.0.3 update! #iOS11 #Bugs #Lag Thank You,375955,1202870,AppleSupport,False,Wed Oct 25 13:37:39 +0000 2017,@375955 We want to help. Send us a DM letting us know more about what's going on. https://t.co/GDrqU22YpT,,1202871.0,1202870,,
2424397,Thanks. I'm trying to connect standard 3.5 mm headphones. I checked for debris but all I can really see is the LED light which I assume is  supposed to be in there? I don't really want to push harder in case I break something.,491121,2424399,AppleSupport,False,Tue Nov 14 19:43:30 +0000 2017,"@491121 Got it, thanks. We don't want you to apply unnecessary force. Do the headphones connect to other devices with no issue? Also, DM a photo of what the headphone jack looks like when you attempt to connect. Use the link below: https://t.co/GDrqU22YpT",2424400,2424397.0,2424399,,
1640766,Can anyone explain why iOS is trying to autocorrect “I️” to some weird combo of unsupported emoji? Bug? https://t.co/QneaHqveyl,501607,1640765,AppleSupport,False,Sun Nov 05 23:54:26 +0000 2017,@501607 Here’s what you can do to work around the issue until it’s fixed in a future software update: https://t.co/xXaXeeSRt9,,1640766.0,1640765,,
2000397,I updated my phone and still seeing boxes for Why  ?,591489,2000396,AppleSupport,False,Thu Nov 02 23:55:27 +0000 2017,"@591489 We'd like to help with the problem you're having with text. Please send us a DM, and we'll look into this with you. https://t.co/GDrqU22YpT",,2000397.0,2000396,,
629782,WiFi always comes on when I️ turn it off. Brightness won’t stay the same I️ can’t type the letter I️. @115858 get your shit together.,269201,629781,AppleSupport,False,Wed Nov 22 15:30:00 +0000 2017,@269201 We can help with all of these things. Please send us a DM and tell us what version of iOS you see under Settings &gt; General &gt; About &gt; Version. https://t.co/GDrqU22YpT,,629782.0,629781,,
489689,Thanks! I'm trying to update in my phone connected to wifi and it keeps saying error.,231631,489691,AppleSupport,False,Fri Dec 01 17:31:40 +0000 2017,@231631 Thank you. Does this happen on multiple Wi-Fi networks? How much space is available on the device (Settings &gt; General &gt; About)? Is the error coming up when attempting to download the update or install the update? Respond in DM. We'll continue there. https://t.co/GDrqU22YpT,,489689.0,489691,,
334121,my Apple Music app will not work what’s so ever. Wtf do I do???,195604,334120,AppleSupport,False,Sat Oct 07 20:07:00 +0000 2017,@195604 Let's take a look at this together. What happens when you launch the Music app?,,334121.0,334120,,
961732,https://t.co/pNuOwKhXpa,348210,961731,AppleSupport,False,Sun Oct 22 03:06:00 +0000 2017,"@348210 If you are having this issue with images, reach out to our Photos team here: https://t.co/IBIY3vMgPj",,961732.0,961731,,
1217594,since the latest iOS update my phone freezes constantly it turns off and the battery life is even poorer than normal,405711,1217592,AppleSupport,False,Wed Oct 25 14:20:30 +0000 2017,@405711 We want your update to go smoothly. Please let us know which version of iOS 11 you have installed and which iPhone you carry.,1217593,1217594.0,1217592,,
2117326,"Sooo about this ""this accessory may not be supported"" message I've been getting over the last 2-3 days no matter which charger I use @AppleSupport",624065,2117325,AppleSupport,False,Wed Nov 08 14:06:17 +0000 2017,@624065 We'd like to help. Which device are you having this issue with? Let us know in DM. https://t.co/GDrqU22YpT,,2117326.0,2117325,,
1677112,@115858 yo FaceTime is messed up,510145,1677111,AppleSupport,False,Mon Nov 06 14:44:37 +0000 2017,@510145 We're here to help. Send us a DM and we'll take a look at this together. https://t.co/GDrqU22YpT,,1677112.0,1677111,,
50850,"Dear @115858, since the latest iOS update, my phone is crap. Apps are slow, I can’t see half my photos, plus battery drains fast. Fix it! 😡😡😡",127413,50849,AppleSupport,False,Wed Nov 01 17:50:30 +0000 2017,@127413 Thanks for reaching out. We're here to help. DM us so we can look into this further with you. https://t.co/GDrqU22YpT,,50850.0,50849,,
957223,iOS 11.0.2 6s+ totally removed Apple Music. $15/Mo wasted. No longer can open music or music settings manually or via Siri.,347117,957222,AppleSupport,False,Wed Oct 11 13:03:30 +0000 2017,@347117 We've received your DM and will continue there.,,957223.0,957222,,
1132873,Hi. Can you fix the messages icon? https://t.co/lsjTI6EGVl,386951,1132872,AppleSupport,False,Sat Oct 14 17:22:00 +0000 2017,@386951 We're happy to help. Can you tell us what exactly is happening here on your homescreen? Thanks.,,1132873.0,1132872,,
1968318,Somebody needs to let me know what tf is up with iPhones and the letter “I️”. What is the “A ?” trash? @AppleSupport,458848,1968317,AppleSupport,False,Tue Oct 31 14:47:01 +0000 2017,"@458848 Are you experiencing an issue with this on your iPhone? If so, DM us the iOS version it's running. We'll go from there. https://t.co/GDrqU22YpT",,1968318.0,1968317,,
2142309,Crazy STILL hasn’t pushed an update for this keyboard bug 🤦‍♂️,123150,2142307,AppleSupport,False,Wed Nov 08 23:17:26 +0000 2017,@123150 Here’s what you can do to work around the issue until it’s fixed in a future software update: https://t.co/xXaXeeSRt9,2142308,2142309.0,2142307,,
324284,"lost all my contacts, thank you very much @AppleSupport",193252,324283,AppleSupport,False,Sat Oct 07 15:07:03 +0000 2017,@193252 We'd be happy to assist with your contacts today. Send us a DM to get started. https://t.co/GDrqU22YpT,,324284.0,324283,,
1983889,I’ve tried both but it just doesn’t work,587222,1983891,AppleSupport,False,Wed Oct 18 20:14:27 +0000 2017,@587222 Let's take this to DM.  Which country are you located in? https://t.co/GDrqU22YpT,,1983889.0,1983891,,
925595,my phone isn’t updating what do i do,454768,1442800,AppleSupport,False,Mon Oct 16 19:10:00 +0000 2017,"@454768 We can help. How are you trying to update, Wi-Fi or iTunes? If you get an error message, let us know what it is.",1442801,925595.0,1442800,,
2291603,"Dear @115858 you need to do something about this A? garbage. I️ doubt anyone actually wants to type “A?” in their tweets, etc",665543,2291601,AppleSupport,False,Sun Nov 26 15:56:26 +0000 2017,@665543 Help is here. Have you been able to update to the latest version of iOS? Is your device experiencing the behavior or did you see another user with the issue?,2291602,2291603.0,2291601,,
898835,@115858 my calender app has been crashing for weeks now. I’ve updated the iOs but it still won’t let me scroll to the next month. Help??,333416,898834,AppleSupport,False,Sat Oct 21 04:05:30 +0000 2017,@333416 We want to help! What iOS device are you using? Do you have iOS 11.0.3 downloaded? Let us know in DM. https://t.co/GDrqU22YpT,,898835.0,898834,,
1896706,@115858 this update has ruined my phone 😠,565308,1896705,AppleSupport,False,Tue Oct 24 15:30:01 +0000 2017,@565308 We'd like to help! Send us a DM with the country that you are located in and we will continue from there. https://t.co/GDrqU22YpT,,1896706.0,1896705,,
1150591,ios 11 the worst 😭😭😭 makes my life harder,390757,1150589,AppleSupport,False,Sun Oct 15 00:33:00 +0000 2017,"@390757 Let's get your device running as normal. To get started, are you running iOS 11.0.3?",1150590,1150591.0,1150589,,
1120594,"Keep the fun going, you what? My battery only lasts about 2 hours",605525,2047482,AppleSupport,False,Wed Oct 18 23:27:30 +0000 2017,@605525 We are here for you. Let's take a look at this further for you. Reach out to us in DM. https://t.co/GDrqU22YpT,,1120594.0,2047482,,
675396,It is yes,281078,675395,AppleSupport,False,Thu Oct 05 15:40:29 +0000 2017,@281078 Did these issues happen after you installed High Sierra? Please DM us your answer. https://t.co/GDrqU22YpT,,675396.0,675395,,
2679274,It moves automatically by itself and I don’t want that!!!,501443,2679273,AppleSupport,False,Tue Oct 31 15:13:37 +0000 2017,"@501443 Rest assured, the steps to turn off Auto-Brightness are listed here under ""About brightness levels"": https://t.co/bkqEVCrK2l",,2679274.0,2679273,,
561789,@115858 updates are draining my life with all of their problems 😫,251461,561788,AppleSupport,False,Sat Dec 02 22:57:28 +0000 2017,@251461 We're here to help. What device are you using? And can you tell us more about what you're experiencing?,,561789.0,561788,,
1860571,"Yes, weve tried on and off multiple times. Has only really occured since the update that was done to the device prior to the issue occuring",556175,1860570,AppleSupport,False,Thu Oct 19 16:57:01 +0000 2017,@556175 Thank you. We'd like to further look into this with you. Send us a DM by clicking on the link below. We'll continue there. https://t.co/GDrqU22YpT,,1860571.0,1860570,,
994505,Currently on 11.0.3,355565,994507,AppleSupport,False,Sun Oct 22 17:32:00 +0000 2017,@355565 Thanks for clarifying that for us. Let's continue in DM so we may better assist you. https://t.co/GDrqU22YpT,,994505.0,994507,,
1159153,So I have all this to do my best in Saving battery life; it still justbcasually dies faster than usual &amp;I’ve had my phone less than 1y,392684,1159155,AppleSupport,False,Sun Oct 15 19:26:00 +0000 2017,@392684 Let's take a closer look into this with you. Send us a DM and we can start there. https://t.co/GDrqU22YpT,,1159153.0,1159155,,
2569413,Just gave my I.T virus to my producer. What the hell is going on with our phones??? #iphone @115858 @AppleSupport,728747,2569412,AppleSupport,False,Fri Nov 03 19:12:28 +0000 2017,@728747 Let's work on this together. Join us in DM and we'll get started. https://t.co/GDrqU22YpT,,2569413.0,2569412,,
627891,"after updating to iOS 11.0.3 almost all photos disappeared from my iPhone 6s. I’ve lost more than a year of my life, guys, help!!",268709,627890,AppleSupport,False,Wed Nov 22 15:24:30 +0000 2017,@268709 Hey there! Thank you for letting us know! Photos are very important and we want to make sure we can help locate them. Could you DM us and we can continue from there?,,627891.0,627890,,
369286,What's up with the media keys in #HighSierra ?? Pauses my quicklook and keeps my iTunes playing? @141075,203488,369285,AppleSupport,False,Sun Oct 08 22:06:24 +0000 2017,@203488 Hi there. Please send us a DM and tell us which Mac you're using. We'll meet you there to help out. https://t.co/GDrqU22YpT,,369286.0,369285,,
556161,just updated to 11.2. I don’t see Apple Pay in messages.,249914,556160,AppleSupport,False,Sat Dec 02 21:02:30 +0000 2017,@249914 We’d like to help. We suggest checking back with the following guide for when Apple Pay Cash will be available for non-beta users: https://t.co/yOAK6nZTo4,,556161.0,556160,,
1772563,Why can’t I️ type the letter I️?,532751,1772562,AppleSupport,False,Wed Nov 08 02:10:01 +0000 2017,@532751 Here’s what you can do to work around the issue until it’s fixed in a future software update: https://t.co/xXaXeeSRt9,,1772563.0,1772562,,
1744816,I had to remove the control slip sliders because they don’t work at all anymore.,526148,1744814,AppleSupport,False,Tue Nov 07 14:55:35 +0000 2017,@526148 Does restarting your Mac impact the layout and improve the functionality?,1744815,1744816.0,1744814,,
2352135,.updated OS yesterday &amp; now redirects go 2 blank web pages. 1st thought it was @115777 reader but happening w/other apps as well.  Why?,204748,2352133,AppleSupport,False,Mon Nov 13 18:16:29 +0000 2017,"@204748 We'd like to better understand what's happening to see how we can help. From what you said, you just updated to macOS High Sierra, is that right? Also, what exactly happens when you try browsing the internet in Safari after updating?",2352134,2352135.0,2352133,,
2131145,Apple need to fix dis too —&gt; I️ @AppleSupport,627216,2131143,AppleSupport,False,Wed Nov 08 20:03:00 +0000 2017,@627216 Here’s what you can do to work around the issue until it’s fixed in a future software update: https://t.co/xXaXefaskH,2131144,2131145.0,2131143,,
1760225,@115858 I found a bug in your software. When I flip my settings screen up from the bottom and turn off my WiFi ... https://t.co/YNdb4vC279,529785,1760224,AppleSupport,False,Tue Nov 07 23:38:29 +0000 2017,"@529785 Hey, there. We want to learn more about what's going on. Please send us a DM and we'll go from there. https://t.co/GDrqU22YpT",,1760225.0,1760224,,
2804382,Always great when the iCloud backup loses 2 months worth of photos. Wtf :-(,215300,2804381,AppleSupport,False,Wed Nov 22 02:18:53 +0000 2017,@215300 Photos are extremely important for helping us remember those precious moments in life. We definitely want to take a look into this with you. Check out this article here for help with missing photos: https://t.co/6F4UE9hI51 Reach us in DM if you need more help. https://t.co/GDrqU22YpT,,2804382.0,2804381,,
554775,Hey @115948 you are drunk! Should I email when charged €650 ? :) https://t.co/tWMLONoI6O,249490,554774,AppleSupport,False,Sat Dec 02 20:39:00 +0000 2017,@249490 Let's look into that. Send us a DM and we'll go from there. https://t.co/GDrqU22YpT,,554775.0,554774,,
1203501, https://t.co/NBxMQyxAlL,402727,1203503,AppleSupport,False,Wed Oct 25 15:02:20 +0000 2017,"@402727 Thanks for the screenshot. Are you experiencing this behavior in all apps, or only specific ones? Please DM us to proceed. https://t.co/GDrqU22YpT",,1203501.0,1203503,,
467345,@226249 I’m having the same issue. I’m using the latest iOS 11.1.2 on an iPhone 7.,226250,467347,AppleSupport,False,Fri Dec 01 13:49:00 +0000 2017,@226250 That does make notifications harder to read and not how we want you seeing them. Let's team up in DM and work on this. Does a restart of your iPhone change anything for the Notifications? https://t.co/GDrqU22YpT,,467345.0,467347,,
261770,@115858 the new update is affecting my iPhone 7 then my iPhone 6plus.,178335,261768,AppleSupport,False,Thu Oct 05 21:51:00 +0000 2017,@178335 We want to help. What issues are you experiencing with your devices? Send us a DM and let us know. https://t.co/GDrqU22YpT,261769,261770.0,261768,,
1449225,Alteady done all those things. Nothing helped,456288,1449227,AppleSupport,False,Thu Nov 02 18:36:37 +0000 2017,@456288 Is it just the Twitter app having this issue? Let us know in Direct Message. https://t.co/GDrqU22YpT,,1449225.0,1449227,,
148086,two times they send me this fake email to steal my account https://t.co/FQCTA1Jp83,149684,148085,AppleSupport,False,Fri Nov 24 14:56:29 +0000 2017,@149684 We understand the concerns with emails like this and we thank you for letting us know. Messages like these are a phishing attempt to gather your information. Check out https://t.co/LNMCdqt6fD for details and there are steps there to forward the email to us.,,148086.0,148085,,
2519384,Anyone else’s phones not loading anything and apps all crashing since the new @115858 update? Might also just be my provider @15093 @76404,717641,2519382,AppleSupport,False,Thu Nov 16 01:01:00 +0000 2017,@717641 We want to help. Can you tell us which iOS version you have? Settings &gt; General &gt; About will tell you.,2519383,2519384.0,2519382,,
2519389,every time i screen record there’s never any sound when i rewatch the videos. what’s the problem?,717642,2519387,AppleSupport,False,Thu Nov 16 01:00:33 +0000 2017,@717642 We'd be happy to look into this with you. Could you please confirm for us what device you're having this issue on and what OS version it's running?,2519388,2519389.0,2519387,,
2036711,Nice updates @115858 I️ love texting in hieroglyphics 🙄,303713,2036710,AppleSupport,False,Mon Nov 06 23:57:00 +0000 2017,@303713 Here’s what you can do to work around the issue until it’s fixed in a future software update: https://t.co/xXaXeeSRt9 https://t.co/GDrqU22YpT,,2036711.0,2036710,,
1628499,Can @115858 please fix the glitch that happens everytime you type an I??? Like what is this I️,498527,1628498,AppleSupport,False,Sun Nov 05 15:38:26 +0000 2017,@498527 We'd like to help! Let's try the steps outlined in this article: https://t.co/xXaXeeSRt9,,1628499.0,1628498,,
1763051,"This is exactly what I did, and it didn’t work.",530439,1763053,AppleSupport,False,Tue Nov 07 22:02:00 +0000 2017,@530439 Got it! Send us a DM and we can continue there. https://t.co/GDrqU22YpT,,1763051.0,1763053,,
486234,No but it does not look right maybe the glass is the issue,230682,486235,AppleSupport,False,Sat Dec 02 03:42:53 +0000 2017,"@230682 OK if you're having some sort of issue with the screen since putting a screen protector on it, we'd recommend removing it.",,486234.0,486235,,
2298641,Fix your shit @AppleSupport. You've turned this charade into a meme https://t.co/uz7chZDmfa,667235,2298640,AppleSupport,False,Sun Nov 12 14:45:52 +0000 2017,"@667235 An update has been released to assist with this issue. If you haven’t yet, please back up your device and update it to iOS 11.1.1. For more info, check out: https://t.co/4f8hwT5to6",,2298641.0,2298640,,
1091323,"why are there SO many problems with the new iOS? Music stopping, wont play whilst on other apps, maps wont work without WiFi 😴",377487,1091322,AppleSupport,False,Mon Oct 23 23:25:27 +0000 2017,@377487 We'd love to help you sort these problems out! Which version of iOS 11 are you updated to?,1091320,1091323.0,1091322,,
1932765,"Why, when I take a screenshot, does it turn up blank??",575141,1932764,AppleSupport,False,Wed Oct 18 15:40:55 +0000 2017,@575141 We want to check this out. Send us a DM and we will go from there. https://t.co/GDrqU22YpT,,1932765.0,1932764,,
1020999,"my iPhone 6S running 11.03 now runs slowly, especially the UI. I reset settings.  what else can I do, ?",263680,1020998,AppleSupport,False,Sun Oct 22 22:46:53 +0000 2017,@263680 We'd like to help. Let's meet in DM to work this out. https://t.co/GDrqU22YpT,,1020999.0,1020998,,
1618289,"Dear, @115858 When are you gonna fix this 👉🏽 I️!!!!",496174,1618288,AppleSupport,False,Sun Nov 05 14:51:29 +0000 2017,"@496174 Hey Melissa, try the steps listed here: https://t.co/xXaXeeSRt9 If that doesn't work, send us a DM. https://t.co/GDrqU22YpT",,1618289.0,1618288,,
2287248,@115858 please fix your I️ glitch. I changes to I️ every time I️ type.,664547,2287247,AppleSupport,False,Sun Nov 12 02:03:50 +0000 2017,"@664547 We want to help you get things working smoothly. Have you had a chance to update to iOS 11.1.1 yet? If not, give that a try and DM us if you still have issues after that. https://t.co/GDrqU22YpT",,2287248.0,2287247,,
59599,my mac is stuck on mute.. please help me,129595,59598,AppleSupport,False,Wed Nov 01 20:51:29 +0000 2017,@129595 We want to help. What type of Mac computer do you have? Have you tried re-starting?,,59599.0,59598,,
2117310,So @115858 when are you gonna fix this issue... I️,624059,2117309,AppleSupport,False,Wed Nov 08 14:06:45 +0000 2017,@624059 Here’s what you can do to work around the issue until it’s fixed in a future software update: https://t.co/xXaXeeSRt9,,2117310.0,2117309,,
2552296,yes I have many more questions. Please see my attached image. https://t.co/03utdf9rdW,724992,2552298,AppleSupport,False,Mon Oct 30 16:10:56 +0000 2017,@724992 You'll be able to find helpful information here https://t.co/3zyMIIwK0O regarding AppleCare+ for the iPhone X.,,2552296.0,2552298,,
2609211,iPhone 7 Plus and yes iOS 11.0.3,425948,2609213,AppleSupport,False,Mon Oct 30 22:42:47 +0000 2017,@425948 OK.  Let's continue the conversation in DM.  Which country are you located in? https://t.co/GDrqU22YpT,2609214,2609211.0,2609213,,
2789170,iPhone 7 version 11.1.2,778551,2789172,AppleSupport,False,Tue Nov 21 20:09:29 +0000 2017,"@778551 Thanks for keeping us updated. Does this behavior happen consistently, or does it only happen sometimes? Is the entire screen affected, or just a portion? Let us know via a DM. We’ll keep moving forward from there. https://t.co/GDrqU22YpT",,2789170.0,2789172,,
2118463,Yooooo!! imma need y’all to tighten up with this update dude! Their  hasn’t  been more questions marks in my speech since ya boi was two years old bro! Y’all want to drop Iphone  8 and X how bout yall just update y’all phones please and thank you!! #hueysthoughts,624337,2118462,AppleSupport,False,Wed Nov 08 14:37:00 +0000 2017,@624337 Here’s what you can do to work around the issue until it’s fixed in a future software update: https://t.co/xXaXeeSRt9,,2118463.0,2118462,,
55103,"should I update my iPhone to 11.1 cause if I do my battery better last the whole day. My job depends on it, please advise",128493,55101,AppleSupport,False,Wed Nov 01 19:22:34 +0000 2017,@128493 We advise always to keep your device updated for the best expereince.,55102,55103.0,55101,,
2253524,"in iOS 11, how do I change my password for an email account? I've looked in Settings &gt; Accounts &amp; Passwords but I don't see any place for mail account passwords.",656468,2253523,AppleSupport,False,Sat Nov 11 03:07:27 +0000 2017,"@656468 While that isn't currently an option, we love suggestions! Please leave those for us here: https://t.co/eTPVYVFyd8 We can recommend going to the providers website and changing it there.",2253522,2253524.0,2253523,,
1527005,“could not activate iPhone” tried maybe 50 times now.  Any idea when activation servers will work?,474171,1527007,AppleSupport,False,Fri Nov 03 22:44:25 +0000 2017,@474171 Congrats on your new iPhone! Let's help. Try these steps here: https://t.co/ywHIZGN4Ac Let us know if the issue continues.,,1527005.0,1527007,,
407504,Hi. I just sent you a message. Thanks!,212133,407503,AppleSupport,False,Mon Oct 09 22:10:58 +0000 2017,@212133 Perfect. We got your DM and will continue working with you there!,,407504.0,407503,,
2558613,Why every time I️ out I️ Issa question mark @AppleSupport,594330,2558612,AppleSupport,False,Thu Nov 16 17:12:43 +0000 2017,@594330 Thanks for reaching out.  We know how important it is for your keyboard to respond as expected and we'll do everything we can to assist.  Have you had a chance to update to iOS 11.1.1?,,2558613.0,2558612,,
846958,I have iOS 11 but the problems were happening with iOS 10. It’s an iPhone 6 Plus. I keep my phone regularly updated too.,321294,846959,AppleSupport,False,Fri Oct 20 17:52:09 +0000 2017,"@321294 Thank you. Have you completed these steps? If not, give those a try, and DM the result. https://t.co/TpjqFp3jxD https://t.co/GDrqU22YpT",,846958.0,846959,,
1264631,@115858 — iPhone 8+ FaceTime is freezing &amp; acting funny on iOS 11.0.3. Wasn’t doing this until I upgraded to 0.3. 🤔🚮 #iphone8,416128,1264630,AppleSupport,False,Thu Oct 26 12:07:27 +0000 2017,@416128 Thanks for reaching out to us. We are always happy to help. Send us a DM so we can help you there. https://t.co/GDrqU22YpT,,1264631.0,1264630,,
2134903,can you use an apple gift card credit to pay for apple music,628100,2134902,AppleSupport,False,Wed Nov 08 17:38:00 +0000 2017,"@628100 You can use iTunes and Apple Music Gift Cards. There's more info on valid payment methods here:

https://t.co/rfQVgAi9NC",,2134903.0,2134902,,
2777598,i keep getting this error message when i wanted to make a purchase . Help ! https://t.co/VL1vBh48HA,776011,2777597,AppleSupport,False,Tue Nov 21 15:41:30 +0000 2017,"@776011 We'll get you to the right place to get some help. Check out this link:
https://t.co/LGiyy7sjW4
If that doesn't seem to be helpful, you'll want to reach out to our team at the iTunes Store. Find out how here:
https://t.co/SDIe7UiyJN",,2777598.0,2777597,,
1765912,Aye @115858 ima need y’all to fix my I️ and change it back to a regular “ i “,531082,1765911,AppleSupport,False,Tue Nov 07 21:52:00 +0000 2017,@531082 Here’s what you can do to work around the issue until it’s fixed in a future software update: https://t.co/xXaXeeSRt9,,1765912.0,1765911,,
1408407,@115858  boy why the fuck all my (I’s) turn to super Mario prizes,406364,1408406,AppleSupport,False,Wed Nov 01 22:41:00 +0000 2017,@406364 We're here to help. Let's take this to DM so we can better assist you. https://t.co/GDrqU22YpT,,1408407.0,1408406,,
1542714,I️ updated my phone why the hell am I️ still seeing boxes and question marks ?,477940,1542713,AppleSupport,False,Fri Nov 03 23:06:28 +0000 2017,@477940 Let's get to the bottom of that! Send us a DM when you get a chance and we'll work on that with you: https://t.co/GDrqU22YpT,,1542714.0,1542713,,
1338068,Did I get a phone or not?? And why did I not get an email to complete it yet?? Help... @115858 https://t.co/j0h3op82yV,143655,1338066,AppleSupport,False,Fri Oct 27 14:55:34 +0000 2017,@143655 You'll want to keep an eye out for the email to complete your order &amp; use the included link to check the status.,1338067,1338068.0,1338066,,
2775994,Thankyou its been killing my battery,568869,2775996,AppleSupport,False,Tue Nov 21 15:54:00 +0000 2017,"@568869 You got it. Please reach out anytime! By the way, here is a great article with plenty of other tips designed to get the most out of your battery:
https://t.co/TpjqFp3jxD",2775997,2775994.0,2775996,,
2010290,"After IOS11 update in SE,5S,6,it had started to lag and take more time load apps than before. Plz provide update to solve it.",594445,2010287,AppleSupport,False,Sun Nov 05 03:41:00 +0000 2017,@594445  We can see this is an issue with having your devices lag after updating. Send us a DM with the full iOS version. We'll help. https://t.co/GDrqU22YpT,"2010288,2010289",2010290.0,2010287,,
2709994,"Dear Apple, I need you to place the do not disturb icon on the home screen. Currently I have no indication it’s on, unless I access the Control Center. @AppleSupport",152100,2709992,AppleSupport,False,Mon Nov 20 01:34:26 +0000 2017,"@152100 When Do Not Disturb is on, you will see a “Crescent Moon” icon in the status bar of your device. This article has additional information you can review as well: https://t.co/Gpgz6FvL5U us if you have any addtoinal questions. https://t.co/GDrqU22YpT",2709993,2709994.0,2709992,,
2453626,countless hours phoine and physical to resolve (not) issues with connectivity. Second iPhone 6plus again failed. I'm battered.,570211,2453625,AppleSupport,False,Sun Oct 29 18:59:00 +0000 2017,@570211 Thanks for reaching out! We’d like to take a closer look at this with you. Please use the DM link to share more details. https://t.co/GDrqU22YpT,,2453626.0,2453625,,
2346115,"Battery drains much quicker. Phone has turned off and on many times a day since upgrade. Some of my apps, ie CNBS , Netflix take a long time to load and update. Even with wifi.",223875,2346117,AppleSupport,False,Mon Nov 13 18:06:50 +0000 2017,@223875 Got it. Are you on iOS 11.1.1 or a different version?,2346118,2346115.0,2346117,,
847041,Accidentally updated to new iOS on a 5s. Battery life is now just ridiculously short. Can I reverse update?,282967,847043,AppleSupport,False,Fri Oct 20 18:42:01 +0000 2017,"@282967 If you go to Settings &gt; General &gt; About &gt; Version, which iOS version are you running?","847044,847045",847041.0,847043,,
1583024,And I’m using the iPhone 7,487215,1583027,AppleSupport,False,Sun Nov 05 00:24:00 +0000 2017,"@487215 We can assist. Check out our article for workaround steps, and DM us if this continues: https://t.co/xU1AGHStV6 https://t.co/GDrqU22YpT",,1583024.0,1583027,,
522065,"hi @applesupport, i have upgrage my  iphone 5s to IOS 11.1.2 and the phone always loading and back to security code whe we try to an application, please help",240568,522062,AppleSupport,False,Sat Dec 02 04:06:00 +0000 2017,@240568 We're here for you. Let's see if we can get to the bottom of this together! Does this behavior only happen when trying to open a certain app; if so which app? Are you able to determine which security code it's asking for? https://t.co/GDrqU2kzhr,"522063,522064",522065.0,522062,,
2015126,This update is bogus making my phone stupid slow... Cmon @115858 #fixyourself,595870,2015125,AppleSupport,False,Sun Nov 05 19:08:00 +0000 2017,@595870 We're happy to help with your iPhone. Let us know which iPhone and version of iOS you're using via DM to get started. https://t.co/GDrqU22YpT,,2015126.0,2015125,,
1541946,"@115858 I'd like to knw that y is ur store at Virar, Mumbai, India selling I phone X at Rs.1,50,000 but will provide the bill of Rs.1,20,000",477760,1541945,AppleSupport,False,Fri Nov 03 22:55:27 +0000 2017,"@477760 Meet us in DM and fill us in in detail about this, then we can look in to it with you from there. https://t.co/GDrqU22YpT",,1541946.0,1541945,,
1909094,worse updates ever!! Making my phone freeze and drain battery faster - iphone7plus,568716,1909093,AppleSupport,False,Tue Oct 24 19:24:02 +0000 2017,"@568716 
We'd like to gather some more information for better troubleshooting. Can you DM us the country you are located in? https://t.co/GDrqU22YpT",,1909094.0,1909093,,
391734,"Yep, it’s definitely turned on. I’ve had no issues accessing my photos until I upgraded to iOS 11.",208753,391732,AppleSupport,False,Mon Oct 09 16:18:26 +0000 2017,@208753 Are you able to see and access the photos if you go to https://t.co/tmRhWEkIq4 and log in with your Apple ID and password?,391733,391734.0,391732,,
669244,why when i turn my WiFi off does it suddenly come back on?? Fix this.,279599,669243,AppleSupport,False,Thu Nov 30 20:01:00 +0000 2017,@279599 We'd love to help. Which device are you experiencing this issue on? Which version of software is being used on that device?,,669244.0,669243,,
1442787,? https://t.co/gZDw2dp2lF,454766,1442789,AppleSupport,False,Mon Oct 16 19:22:00 +0000 2017,"@454766 Perfect! Go ahead and delete the profile, restart your iPhone, then attempt the iOS 11 update again.",1442790,1442787.0,1442789,,
2691836,11.1.2 iPhone 6s Plus,612808,2691838,AppleSupport,False,Sun Nov 19 17:32:29 +0000 2017,@612808 Have you tried restarting your device and testing Siri?  Here’s how:  https://t.co/OWRDHWSt4h,2691839,2691836.0,2691838,,
414035,It says can’t connect to the server,213800,414034,AppleSupport,False,Tue Oct 10 01:29:32 +0000 2017,@213800 We'd like to take a further look at this with you. Please meet us in DM. https://t.co/GDrqU22YpT,,414035.0,414034,,
616288,Hey @115858 fix the issue with the new IOS 11 update draining my iPhone battery #pleaseandthankyou,266250,616286,AppleSupport,False,Wed Oct 04 15:59:27 +0000 2017,"@266250 Let us help out. So that we can gather some details about your iPhone, can you tell us which version of iOS 11 it’s on?",616287,616288.0,616286,,
1645083,"@502698 My apps don’t work, weird question marks pop up when I type. I️ didn’t pay 800 dollars for this shit. 😂",502697,1645082,AppleSupport,False,Mon Nov 06 01:40:30 +0000 2017,@502697 We'd like to help any way we can. What's the model you're using and the OS version installed? Which apps won't open?,,1645083.0,1645082,,
103168,Yes they are.  My iPad is as well and that one is still working normally.,138696,103170,AppleSupport,False,Thu Nov 30 18:48:00 +0000 2017,"@138696 On your iMac and MacBook, open Messages, then choose Messages &gt; Preferences. Click Accounts, then select your iMessage account. Do you have a check next to your phone number and email address? Is the same Apple ID being shown that you use with your iPhone?",103171,103168.0,103170,,
1527686,Looks like #iPhoneX #activation #issues are the “Next Big Thing.” Brand new iPhone X and I can’t use it @115858 @ATT @117735,474341,1527685,AppleSupport,False,Fri Nov 03 22:24:00 +0000 2017,@474341  We can certainly help you. Let's work through the steps suggested in this article: https://t.co/ywHIZGN4Ac,,1527686.0,1527685,,
2440807,you mean which iOS?,700015,2440808,AppleSupport,False,Wed Nov 15 01:35:00 +0000 2017,"@700015 Yes, which version of iOS is installed? You can find out by tapping Settings &gt; General &gt; About.","2440809,2440810",2440807.0,2440808,,
1495539,iPhone 6s the battery stinks now,467248,1495541,AppleSupport,False,Mon Oct 16 22:50:32 +0000 2017,@467248 DM the specific iOS version you are using currently so we can help out. https://t.co/GDrqU22YpT,,1495539.0,1495541,,
447386,first the “I” now I can’t type I.T without I.T turning in this. What’s the deal,220962,447385,AppleSupport,False,Thu Nov 30 20:06:30 +0000 2017,"@220962 Hey there. We know that the accommodation of autocorrect and predictive text have improved efficiency, and it's greatly needed. We'd love to look into this with you. Can you send us a DM and let us know the iOS version you are currently using? https://t.co/GDrqU22YpT",,447386.0,447385,,
1999890,I love the new emojis but that’s about it the 11.1 update is even glitchier and crashes! I am BEYOND disappointed!!!!  @115858 🤬,575257,1999889,AppleSupport,False,Thu Nov 02 22:26:31 +0000 2017,@575257 We don't expect these behaviors. Can you let us know if you have refreshed your app updates? Send us a DM. We'll help. https://t.co/GDrqU22YpT,,1999890.0,1999889,,
1007813,"why is you latest iOS so buggy, apps not working correctly, glitches between apps (and in app). It’s frustrating.",358486,1007812,AppleSupport,False,Sun Oct 22 20:03:28 +0000 2017,@358486 We can work together to figure this out. What's the exact iOS 11 version you're using? Are all of your apps up to date?,,1007813.0,1007812,,
1264634,The iOS (and MacOS) search functionality has never been great but now it is just broken. #apple #fail @115858 https://t.co/wWJVpKLrzw,416129,1264632,AppleSupport,False,Thu Oct 26 12:07:00 +0000 2017,@416129 Let's look into this together. Which device are you experiencing this on and which iOS version is it running?,1264633,1264634.0,1264632,,
1882645,"@115858 Aussi...home button doesn't work, phone randomly restarts like wtf bro help me out.",561825,1882644,AppleSupport,False,Sat Oct 21 21:07:00 +0000 2017,@561825 Of course we're going to do all we can to help. Follow up with us in DM. Tell us the version of the iOS you're running. https://t.co/GDrqU22YpT,,1882645.0,1882644,,
2517127,my iPhone X has a weird glitch where I try to call and automatically ends the call and it pauses my music after I play the song please make and a update to fix it,717026,2517125,AppleSupport,False,Wed Nov 15 23:49:30 +0000 2017,"@717026 We certainly want to take a look into this issue further. To help guide us through troubleshooting, may we have the iOS version shown in Settings &gt; General &gt; About.",2517126,2517127.0,2517125,,
2467267,@118721 se puede buggear más esto? Voy ya por el segundo drop y esto se quedo en el principio de la canción https://t.co/o4dGmk8P8Q,705954,2467265,AppleSupport,False,Sun Oct 29 20:48:00 +0000 2017,@705954 We offer support via Twitter in English. Get help in Spanish here: https://t.co/IBIY3vMgPj or join https://t.co/OczyRx7IOs,2467266,2467267.0,2467265,,
2295594,No I’ve tried same problems,666564,2295595,AppleSupport,False,Sun Nov 12 20:27:00 +0000 2017,"@666564 Please go to Settings &gt; Wi-Fi and turn it off.  Same with Bluetooth under Settings &gt; Bluetooth.  Then restart your iPhone but don't turn either back on yet.  Try once more to empty the folder.  If the behavior continues, please DM us. https://t.co/GDrqU22YpT",,2295594.0,2295595,,
